番号,施設の名称,所在地,電話番号,収容可能人員,洪水水害,土砂災害,地震,ため池,津波,共通ID（国）,施設名（国）
1,川之江小学校,川之江町2370番地,28－6285,350,×,×,○,○,×,E3821300062111,川之江小学校
2,金生第一小学校,金生町下分1665番地,28－6282,240,×,○,○,○,○,E3821300012111,金生第一小学校
3,金生第二小学校,金生町山田井775番地,28－6283,180,○,○,○,○,○,E3821300016111,金生第二小学校
4,妻鳥小学校,妻鳥町1488番地,28－6281,330,○,○,○,○,○,E3821300026111,妻鳥小学校
5,上分小学校,上分町800番地,28－6284,280,×,○,○,○,○,E3821300041111,上分小学校
6,南小学校,金田町金川145番地,28－6280,260,○,○,○,○,○,E3821300019111,南小学校
7,川之江北中学校,川之江町2390番地,28－6287,400,×,○,○,○,×,E3821300063111,川之江北中学校
8,川之江南中学校,上分町395番地,28－6286,400,×,○,○,×,○,E3821300038111,川之江南中学校
9,川之江ふれあい交流センター,川之江町4069番地1,28－6247,100,○,○,○,○,○,E3821300067111,川之江ふれあい交流センター
10,金生公民館,金生町下分865番地1,28－6249,235,×,○,○,○,○,E3821300015111,金生公民館
11,上分公民館,上分町556番地1,28－6248,300,×,○,○,○,○,E3821300040111,上分公民館
12,妻鳥公民館,妻鳥町1480番地2,28－6250,200,○,○,○,○,○,E3821300025111,妻鳥公民館
13,金田公民館,金田町金川330番地,28－6251,100,○,○,○,○,○,E3821300022111,金田公民館
14,川滝公民館,川滝町下山1882番地1,28－6252,100,○,×,○,○,○,E3821300056111,川滝公民館
15,川之江こども園,川之江町1061番地6,28－6270,90,×,○,○,○,○,E3821300058111,川之江こども園
16,金生保育園,金生町下分1653番地1,28－6273,100,×,○,○,○,○,E3821300011111,金生保育園
17,上分保育園,上分町545番地1,28－6272,50,×,○,○,×,○,E3821300039111,上分保育園
18,金田こども園,金田町金川203番地1,28－6275,50,○,○,○,○,○,E3821300020111,金田こども園
19,石川保育園,川滝町下山2104番地3,－,50,○,○,○,○,○,E3821300057111,石川保育園
20,葱尾ふれあい広場,川滝町下山1353番地2,－,50,○,×,○,○,○,E3821300055111,葱尾ふれあい広場
21,川之江高等学校,川之江町2257番地,58－2061,500,×,○,○,○,○,E3821300061111,川之江高等学校
22,しこちゅ～ホール,妻鳥町1830番地1,59－4510,595,○,○,○,○,○,E3821300027111,しこちゅ～ホール
23,川之江体育館,川之江町1012番地48,28－6255,"1,000",○,○,○,○,○,E3821300059111,川之江体育館
24,川之江コミュニティセンター,川之江町2975番地2,28－6253,200,○,×,○,×,○,E3821300066111,川之江コミュニティセンター
25,切山集会所,金生町山田井乙261番地4,－,50,○,○,○,○,○,E3821300018111,切山集会所
26,半田公会堂,金田町半田乙264番地3,－,50,×,○,×,○,○,E3821300023111,半田公会堂
27,柴生公会堂,柴生町461番地4,－,40,○,○,×,○,○,E3821300036111,柴生公会堂
28,下川集会所,下川町777番地,－,60,○,○,×,○,○,E3821300001111,下川集会所
29,生きがい研修センター,金生町山田井826番地3,28－6262,200,○,○,○,×,○,E3821300017111,生きがい研修センター
30,川之江西老人つどいの家,川之江町281番地2,－,200,×,○,○,○,○,E3821300065111,川之江西老人つどいの家
31,松柏小学校,下柏町407番地,28－6094,270,○,○,○,○,○,E3821300004111,松柏小学校
32,三島小学校,三島中央3丁目2番23号,28－6095,390,○,○,○,○,○,E3821300033111,三島小学校
33,中曽根小学校,中曽根町1556番地,28－6093,210,○,○,○,○,○,E3821300071111,中曽根小学校
34,中之庄小学校,中之庄町140番地,28－6092,340,○,○,○,○,○,E3821300074111,中之庄小学校
35,寒川小学校,寒川町1814番地,28－6096,280,○,×,○,○,○,E3821300007111,寒川小学校
36,豊岡小学校,豊岡町豊田45番地,28－6097,170,○,×,○,○,○,E3821300106111,豊岡小学校
37,三島東中学校,中曽根町199番地,28－6098,610,○,○,○,○,○,E3821300072111,三島東中学校
38,三島西中学校,中之庄町乙38番地1,28－6100,480,○,×,○,○,○,E3821300077111,三島西中学校
39,三島南中学校,寒川町4335番地,28－6099,460,○,×,○,×,○,E3821300008111,三島南中学校
40,三島高等学校,三島中央5丁目11番30号,23－2136,500,○,△,○,○,○,E3821300035111,三島高等学校
41,松柏公民館,下柏町388番地,28－6062,50,○,○,○,○,○,E3821300003111,松柏公民館
42,三島公民館,三島中央3丁目4番21号,28－6063,100,○,○,○,○,○,E3821300034111,三島公民館
43,中曽根公民館,中曽根町1502番地1,28－6061,50,○,○,○,○,○,E3821300070111,中曽根公民館
44,中之庄公民館,中之庄町108番地,28－6065,50,○,○,○,○,○,E3821300073111,中之庄公民館
45,寒川公民館,寒川町1390番地,28－6066,50,○,×,○,○,○,E3821300006111,寒川公民館
46,豊岡公民館,豊岡町豊田78番地1,28－6067,50,○,×,○,○,○,E3821300114111,豊岡公民館
47,伊予三島運動公園体育館,中之庄町1665番地1,28－6071,600,○,○,○,○,○,E3821300075111,伊予三島運動公園体育館
48,上小川集会所,金砂町小川山2263番地3,－,20,○,×,○,○,○,E3821300009111,上小川集会所
49,藤原集会所,富郷町津根山123番地,－,20,○,×,○,○,○,E3821300104111,藤原集会所
50,寒川山集会所,富郷町寒川山226番地,－,30,○,○,○,○,○,E3821300103111,寒川山集会所
51,関川小学校,土居町上野1726番地1,28－6369,270,○,○,○,○,○,E3821300081111,関川小学校
52,土居小学校,土居町土居1580番地,28－6366,200,○,○,○,○,○,E3821300089111,土居小学校
53,小富士小学校,土居町小林667番地,28－6367,140,○,○,○,×,○,E3821300078111,小富士小学校
54,長津小学校,土居町津根2061番地,28－6370,140,○,○,○,○,○,E3821300084111,長津小学校
55,北小学校,土居町蕪崎1040番地,28－6368,380,○,○,○,○,○,E3821300098111,北小学校
56,土居中学校,土居町土居375番地,28－6371,500,○,○,○,×,○,E3821300090111,土居中学校
57,土居高等学校,土居町中村892番地,74－2017,370,○,○,○,○,○,E3821300082111,土居高等学校
58,小富士公民館,土居町小林814番地,28－6359,100,○,○,○,×,○,E3821300079111,小富士公民館
59,長津公民館,土居町津根2682番地,28－6362,130,○,○,○,○,○,E3821300085111,長津公民館
60,天満公民館,土居町天満2011番地1,28－6360,100,○,○,○,○,○,E3821300087111,天満公民館
61,蕪崎公民館,土居町蕪崎2507番地1,28－6361,100,○,○,○,○,○,E3821300099111,蕪崎公民館
62,土居公民館,土居町土居891番地,28－6358,100,○,○,○,○,○,E3821300091111,土居公民館
63,北野保育園,土居町北野1522番地,28－6376,70,×,○,○,○,○,E3821300101111,北野保育園
64,土居保育園,土居町土居1570番地,28－6372,70,○,○,○,○,○,E3821300088111,土居保育園
65,小林保育園,土居町小林834番地,28－6373,70,○,○,○,×,○,E3821300080111,小林保育園
66,土居東こども園,土居町津根1650番地,28－6375,90,○,○,○,○,○,E3821300083111,土居東こども園
67,北保育園,土居町蕪崎712番地,28－6374,70,○,○,○,○,○,E3821300100111,北保育園
68,土居東幼稚園,土居町津根3703番地1,28－6364,30,×,○,○,○,×,E3821300086111,土居東幼稚園
69,土居西幼稚園,土居町入野86番地2,－,30,○,○,○,○,○,E3821300095111,土居西幼稚園
70,野田中央会館,土居町野田甲1244番地1,－,100,○,○,○,○,○,E3821300102111,野田中央会館
71,農村環境改善センター,土居町入野178番地1,28－6300,700,○,○,○,○,○,E3821300094111,農村環境改善センター
72,土居文化会館,土居町入野939番地,28－6353,"1,000",○,○,○,○,○,E3821300096111,土居文化会館
73,新宮小・中学校,新宮町新宮448番地,28－6424,130,○,×,○,○,○,E3821300045111,新宮小・中学校
74,新宮公民館,新宮町新宮482番地,28－6410,500,○,×,○,○,○,E3821300046111,新宮公民館
75,総野集会所,新宮町馬立4453番地,－,40,○,○,○,○,○,E3821300053111,総野集会所
76,少年自然の家,新宮町新瀬川1138番地,28－6417,500,○,○,○,○,○,E3821300049111,少年自然の家
77,新成・堂成集会所,新宮町馬立4219番地1,－,30,○,○,○,○,○,E3821300052111,新成・堂成集会所
78,久保ヶ内集会所,新宮町新瀬川310番地,－,40,○,○,○,○,○,E3821300050111,久保ヶ内集会所
79,金山集会所,新宮町新宮620番地,－,40,○,×,○,○,○,E3821300048111,金山集会所
80,古野集会所,新宮町馬立1190番地,－,160,○,×,○,○,○,E3821300051111,古野集会所
81,旧西庄小学校講堂,新宮町上山922番地,－,80,○,○,○,○,○,E3821300044111,旧西庄小学校講堂
82,中上集会所,新宮町上山3108番地,－,40,○,×,○,○,○,E3821300042111,中上集会所
83,中西地区集会所,新宮町新宮50番地,－,40,○,×,○,○,○,E3821300047111,中西地区集会所
84,長瀬生活改善センター,新宮町馬立甲153番地1,－,20,○,×,○,○,○,E3821300054111,長瀬生活改善センター
85,ジョイフル八窪,新宮町上山6751番地,－,120,○,×,○,○,○,E3821300043111,ジョイフル八窪
